ID_FASHI,Name,ra,dec,ra-dec_err,cz,cz_err,cz_min,cz_max,v_radio,v_radio_err,freq,freq_err,z,z_err,ell_maj,ell_min,ell_pa,W_50,W_50_err,W_20,W_20_err,F_peak,F_peak_err,S_bf,S_bf_err,S_sum,S_sum_err,rms,SNR,distance,distance_err,log10Mass,log10Mass_err ,ell_ratio
20230042101.0,J041459.69-054904.0,63.7487,-5.8178,0.0076,3622.89,3.15,3545.88,3717.84,3579.63,3.15,1403.4456,0.0149,0.01208,1.1e-05,3.8,3.8,0,25.06,6.31,39.13,9.46,7.61,2.08,168.23,64.48,72.3,64.48,2.08,6.38,44.77,2.24,7.89,0.17,1.0
20230001032.0,J104911.02-053456.7,162.2959,-5.5824,0.0026,5105.25,2.22,4950.18,5257.38,5019.77,2.22,1396.6223,0.0105,0.01703,8e-06,6.2,5.0,28,11.89,4.44,70.39,6.66,15.82,2.87,462.92,121.59,604.86,121.59,2.87,18.48,72.5,3.62,8.75,0.12,0.8064516129032258
20230051923.0,J140449.24-053135.0,211.2052,-5.5264,0.0024,2879.48,0.88,2822.28,2927.58,2852.09,0.88,1406.8927,0.0042,0.0096,3e-06,4.1,4.1,0,21.32,1.76,32.32,2.63,21.81,2.07,491.18,48.43,411.32,48.43,2.07,20.27,41.66,2.08,8.3,0.06,1.0
20230060231.0,J044751.58-042204.4,71.9649,-4.3679,0.0034,8718.81,1.35,8675.97,8785.38,8472.41,1.35,1380.2638,0.0064,0.02908,5e-06,3.4,3.4,0,22.09,2.7,35.17,4.05,13.03,1.84,315.32,43.05,268.88,43.05,1.84,14.38,108.75,5.44,8.93,0.07,1.0
20230001920.0,J013115.13-040222.6,22.813,-4.0396,0.0031,2017.91,1.89,1945.06,2102.15,2004.42,1.89,1410.9089,0.009,0.00673,6e-06,3.1,3.1,0,23.64,3.79,54.79,5.68,11.96,1.9,368.74,56.15,319.97,56.15,1.9,15.81,26.39,1.32,7.78,0.08,1.0
20230060238.0,J024729.99-040050.5,41.8749,-4.014,0.0049,1340.41,1.65,1292.06,1396.42,1334.44,1.65,1414.0832,0.0078,0.00447,6e-06,4.8,4.5,114,15.93,3.31,25.36,4.96,14.02,2.42,243.87,56.66,89.78,56.66,2.42,9.96,16.17,0.81,7.17,0.11,0.9375
20230002250.0,J125721.97-034039.8,194.3416,-3.6777,0.0018,3201.66,1.79,3045.36,3441.2,3167.83,1.79,1405.3967,0.0085,0.01068,6e-06,3.5,3.5,0,10.96,3.58,88.75,5.37,10.95,1.75,387.39,85.29,200.35,85.29,1.75,26.44,45.84,2.29,8.28,0.11,1.0
20230060253.0,J101008.23-033950.3,152.5343,-3.664,0.0034,6511.29,2.6,6442.92,6571.05,6372.88,2.6,1390.2113,0.0123,0.02172,9e-06,2.3,2.3,0,15.31,5.2,64.05,7.79,5.87,1.31,186.56,33.82,172.64,33.82,1.31,14.42,94.35,4.72,8.58,0.09,1.0
20230002479.0,J094404.10-032650.5,146.0171,-3.4474,0.0021,1835.73,0.72,1781.7,1893.04,1824.56,0.72,1411.7611,0.0034,0.00612,2e-06,4.1,4.1,0,17.26,1.43,26.66,2.15,13.07,1.17,282.53,28.34,239.76,28.34,1.17,23.02,27.9,1.39,7.71,0.06,1.0
20230060269.0,J034602.84-031215.1,56.5118,-3.2042,0.0006,3855.32,1.1,3684.1,4054.95,3806.37,1.1,1402.3713,0.0052,0.01286,4e-06,3.2,3.2,0,6.72,2.19,244.29,3.29,11.6,1.5,743.78,70.65,661.47,70.65,1.5,75.44,47.38,2.37,8.59,0.06,1.0
20230004171.0,J104457.74-012118.6,161.2406,-1.3552,0.001,1914.82,1.05,1814.35,2010.6,1902.67,1.05,1411.391,0.005,0.00639,4e-06,4.9,4.9,0,4.86,2.11,93.3,3.16,34.39,2.92,781.33,98.18,671.97,98.18,2.92,47.93,30.39,1.52,8.23,0.07,1.0
20230004180.0,J094351.50-011929.9,145.9646,-1.325,0.0034,1893.36,1.98,1814.4,1938.9,1881.48,1.98,1411.4914,0.0094,0.00632,7e-06,4.9,4.5,10,22.01,3.96,50.1,5.95,14.92,2.54,432.45,65.85,358.04,65.85,2.54,14.35,30.77,1.54,7.98,0.08,0.9183673469387754
20230004300.0,J121353.27-010523.1,183.472,-1.0897,0.0033,2020.96,1.15,1983.35,2075.05,2007.43,1.15,1410.8946,0.0054,0.00674,4e-06,4.1,4.1,0,21.59,2.29,31.2,3.44,17.14,2.24,381.84,48.15,346.84,48.15,2.24,14.51,29.17,1.46,7.88,0.07,1.0
20230004437.0,J110157.30-005447.4,165.4888,-0.9132,0.0037,10073.96,2.5,9983.78,10190.68,9746.45,2.5,1374.2274,0.0119,0.0336,9e-06,2.7,2.7,0,9.67,5.0,46.3,7.51,6.16,1.26,128.37,42.19,150.12,42.19,1.26,12.98,141.48,7.07,8.77,0.15,1.0
20230004467.0,J115933.52-005224.8,179.8896,-0.8736,0.0047,2236.29,1.37,2141.16,2324.65,2219.73,1.37,1409.8888,0.0065,0.00746,5e-06,3.6,3.6,0,11.74,2.74,18.66,4.11,12.9,1.88,167.54,60.67,184.08,60.67,1.88,10.29,34.14,1.71,7.66,0.16,1.0
20230004560.0,J051952.52-004601.0,79.9688,-0.7669,0.0018,6551.51,1.74,6307.14,6751.97,6411.4,1.74,1390.0288,0.0083,0.02185,6e-06,3.3,3.3,0,6.88,3.49,80.15,5.23,12.14,1.55,271.49,79.56,437.63,79.56,1.55,26.36,84.87,4.24,8.65,0.13,1.0
20230004629.0,J112719.42-004348.5,171.8309,-0.7301,0.002,1030.59,1.66,946.9,1116.13,1027.06,1.66,1415.5396,0.0079,0.00344,6e-06,3.0,3.0,0,6.55,3.32,63.87,4.98,9.84,1.55,244.79,47.98,263.8,47.98,1.55,24.46,14.87,0.74,7.1,0.1,1.0
20230004813.0,J081950.41-002643.6,124.9601,-0.4454,0.0033,1807.28,1.62,1683.76,1919.11,1796.45,1.62,1411.8942,0.0077,0.00603,5e-06,3.7,3.7,0,22.65,3.24,42.03,4.86,14.69,2.2,385.34,81.54,227.69,81.54,2.2,14.57,28.78,1.44,7.87,0.1,1.0
20230058023.0,J105050.85+300333.4,162.7119,30.0593,0.0009,5971.99,1.34,5771.19,6180.89,5855.35,1.34,1392.6633,0.0063,0.01992,5e-06,4.1,4.1,0,10.81,2.68,199.71,4.02,7.03,1.25,573.46,61.59,580.71,61.59,1.25,55.05,81.1,4.06,8.94,0.06,1.0
20230058029.0,J113651.79+300522.8,174.2158,30.0897,0.0077,13805.89,1.89,13757.66,13863.7,13198.1,1.89,1357.8736,0.009,0.04605,7e-06,3.1,3.1,0,23.48,3.78,28.39,5.67,4.81,1.2,92.26,26.85,83.54,26.85,1.2,6.29,191.77,9.59,8.88,0.13,1.0
20230060788.0,J005747.86+302115.6,14.4494,30.3543,0.0086,5245.39,2.09,5203.56,5290.46,5155.19,2.09,1395.9806,0.0099,0.0175,7e-06,3.2,3.2,0,14.46,4.18,19.25,6.27,7.02,1.89,102.16,38.8,77.86,38.8,1.89,5.61,62.42,3.12,7.96,0.17,1.0
20230006431.0,J111432.06+302952.4,168.6336,30.4979,0.003,8165.69,2.59,7954.43,8281.35,7949.17,2.59,1382.7429,0.0123,0.02724,9e-06,3.1,3.1,0,6.89,5.18,68.61,7.77,4.46,0.98,105.54,42.29,77.83,42.29,0.98,16.28,118.82,5.94,8.53,0.18,1.0
20230006836.0,J042452.84+305610.1,66.2202,30.9361,0.0028,6787.21,1.64,6636.71,6852.69,6636.95,1.64,1388.9601,0.0078,0.02264,6e-06,3.5,3.5,0,19.08,3.29,47.75,4.93,5.38,0.83,159.55,28.75,110.48,28.75,0.83,17.47,91.94,4.6,8.49,0.09,1.0
20230042219.0,J045035.63+310419.3,72.6484,31.072,0.0042,1725.04,2.78,1670.52,1781.75,1715.17,2.78,1412.2793,0.0132,0.00575,9e-06,5.3,4.7,153,22.96,5.57,58.91,8.35,8.47,1.9,265.67,45.99,229.46,45.99,1.9,11.56,25.54,1.28,7.61,0.09,0.8867924528301887
20230007060.0,J230601.80+310741.0,346.5075,31.1281,0.0039,5923.64,2.45,5771.02,6046.3,5808.86,2.45,1392.8836,0.0116,0.01976,8e-06,5.0,5.0,0,24.87,4.9,57.47,7.35,13.12,2.48,391.54,98.76,530.74,98.76,2.48,12.51,77.63,3.88,8.74,0.12,1.0
20230065109.0,J092405.97+311708.7,141.0249,31.2857,0.0036,4244.16,1.32,4186.94,4299.83,4184.91,1.32,1400.5778,0.0063,0.01416,5e-06,5.1,4.5,174,20.02,2.64,30.74,3.97,9.51,1.36,204.45,32.9,184.46,32.9,1.36,13.3,61.11,3.06,8.25,0.08,0.8823529411764707
20230007268.0,J035719.41+312126.4,59.3309,31.3573,0.0045,6818.93,2.47,6751.3,6879.63,6667.28,2.47,1388.8164,0.0117,0.02275,9e-06,4.4,4.4,0,17.83,4.95,42.25,7.42,7.57,1.61,184.6,41.69,136.76,41.69,1.61,10.72,92.47,4.62,8.56,0.11,1.0
20230007323.0,J131317.61+312428.3,198.3234,31.4079,0.0025,800.53,0.96,764.87,836.35,798.4,0.96,1416.623,0.0046,0.00267,3e-06,6.3,5.5,85,19.96,1.93,32.13,2.89,22.77,2.28,500.94,42.0,440.27,42.0,2.28,19.42,9.69,0.48,7.04,0.06,0.873015873015873
20230008133.0,J022539.53+315753.9,36.4147,31.965,0.0017,5420.19,2.59,5123.11,5631.57,5323.93,2.59,1395.1812,0.0123,0.01808,9e-06,2.3,2.3,0,15.52,5.17,197.1,7.76,3.32,0.81,225.95,44.74,262.77,44.74,0.81,27.96,67.46,3.37,8.38,0.1,1.0
20230008317.0,J024542.11+320725.4,41.4255,32.1237,0.0026,5551.6,2.39,5430.26,5678.06,5450.66,2.39,1394.5807,0.0113,0.01852,8e-06,4.1,4.1,0,22.69,4.79,92.97,7.18,8.55,1.63,369.19,61.36,355.75,61.36,1.63,18.8,69.49,3.47,8.62,0.08,1.0
20230058517.0,J125138.86+321053.7,192.9119,32.1816,0.002,848.79,1.07,810.35,894.87,846.39,1.07,1416.3956,0.0051,0.00283,4e-06,5.3,5.3,0,18.99,2.14,41.93,3.2,20.59,1.82,483.01,37.36,428.64,37.36,1.82,24.07,10.15,0.51,7.07,0.05,1.0
20230008574.0,J114149.47+321444.7,175.4561,32.2458,0.0035,13489.32,2.93,13350.68,13661.5,12908.5,2.93,1359.2458,0.0139,0.045,1.1e-05,2.8,2.8,0,17.93,5.85,74.02,8.78,3.06,0.77,112.95,31.8,120.56,31.8,0.77,13.74,187.92,9.4,8.95,0.13,1.0
20230008700.0,J154351.75+322039.7,235.9656,32.3444,0.0034,9473.56,3.26,9338.73,9682.35,9183.36,3.26,1376.8953,0.0154,0.0316,1.2e-05,3.0,3.0,0,18.21,6.51,93.27,9.77,3.4,0.95,147.0,42.21,137.93,42.21,0.95,14.28,116.36,5.82,8.66,0.13,1.0
20230008787.0,J125723.63+322429.8,194.3485,32.4083,0.0035,11179.72,2.74,11053.38,11296.54,10777.8,2.74,1369.3409,0.013,0.03729,1e-05,2.8,2.8,0,15.34,5.47,63.6,8.21,5.6,1.28,172.49,46.7,143.36,46.7,1.28,13.62,157.8,7.89,8.99,0.13,1.0
20230053742.0,J075832.82+324153.0,119.6368,32.6981,0.0035,8414.98,2.62,8328.45,8485.4,8185.23,2.62,1381.6244,0.0124,0.02807,9e-06,3.5,3.5,0,24.99,5.25,69.39,7.87,4.93,0.88,152.25,25.54,123.34,25.54,0.88,13.63,117.85,5.89,8.69,0.08,1.0
20230061145.0,J134116.44+330758.8,205.3185,33.133,0.0048,4573.43,1.72,4491.82,4638.24,4504.71,1.72,1399.0626,0.0082,0.01526,6e-06,5.4,4.8,177,22.13,3.45,32.4,5.17,9.61,1.86,220.18,52.28,196.13,52.28,1.86,9.97,65.34,3.27,8.34,0.11,0.8888888888888888
20230061168.0,J134734.74+331208.6,206.8948,33.2024,0.0009,770.63,0.35,706.4,829.85,768.65,0.35,1416.7639,0.0017,0.00257,1e-06,6.6,5.9,103,19.17,0.7,30.83,1.05,57.6,2.1,1222.18,54.33,1081.27,54.33,2.1,52.61,10.02,0.5,7.46,0.05,0.893939393939394
20230010235.0,J163619.95+331916.5,249.0831,33.3212,0.0028,13271.51,2.15,13174.65,13379.11,12708.9,2.15,1360.1915,0.0102,0.04427,8e-06,2.9,2.9,0,8.44,4.3,54.61,6.44,5.56,0.88,110.29,29.16,123.24,29.16,0.88,16.98,179.21,8.96,8.9,0.12,1.0
20230061208.0,J010853.04+332244.6,17.221,33.3791,0.0024,10479.87,3.03,10286.52,10659.92,10125.9,3.03,1372.4296,0.0143,0.03496,1.1e-05,3.0,3.0,0,19.81,6.06,148.68,9.09,3.98,0.97,220.57,44.9,175.0,44.9,0.97,20.11,138.72,6.94,8.99,0.1,1.0
20230010719.0,J084837.39+334200.1,132.1558,33.7,0.0039,8161.1,2.25,8036.08,8240.45,7944.82,2.25,1382.7635,0.0107,0.02722,8e-06,2.8,2.8,0,21.54,4.5,48.2,6.75,1.94,0.37,53.82,12.49,32.68,12.49,0.37,12.32,116.95,5.85,8.23,0.11,1.0
20230010881.0,J122251.60+334936.6,185.715,33.8268,0.0013,572.99,0.43,468.12,669.05,571.89,0.43,1417.6961,0.002,0.00191,1e-06,5.8,5.2,10,19.34,0.85,28.74,1.28,37.19,1.73,742.93,59.31,645.59,59.31,1.73,38.49,6.87,0.34,6.92,0.06,0.896551724137931
20230011160.0,J134606.87+340228.1,206.5286,34.0412,0.0013,4771.29,0.53,4650.99,4904.22,4696.54,0.53,1398.1537,0.0025,0.01592,2e-06,4.6,4.6,0,20.73,1.06,33.29,1.59,27.47,1.53,631.44,58.33,599.34,58.33,1.53,35.92,68.19,3.41,8.83,0.06,1.0
20230011202.0,J063026.00+340556.4,97.6083,34.099,0.0072,9569.81,1.82,9482.64,9627.02,9273.78,1.82,1376.4669,0.0086,0.03192,6e-06,2.6,2.6,0,17.94,3.65,23.09,5.47,2.52,0.63,45.36,17.39,12.86,17.39,0.63,6.68,132.61,6.63,8.26,0.17,1.0
20230052081.0,J113459.74+343314.4,173.7489,34.554,0.004,1888.68,3.56,1806.76,1937.66,1876.86,3.56,1411.5133,0.0169,0.0063,1.2e-05,2.8,2.8,0,17.12,7.13,81.02,10.69,5.72,1.15,144.65,30.64,98.74,30.64,1.15,12.04,31.69,1.58,7.53,0.1,1.0
20230011688.0,J034102.18+343929.9,55.2591,34.6583,0.0016,4511.69,1.84,4319.32,4698.46,4444.8,1.84,1399.3465,0.0087,0.01505,6e-06,4.5,4.5,0,15.94,3.69,120.39,5.53,10.58,2.02,607.81,96.01,658.87,96.01,2.02,29.74,48.98,2.45,8.53,0.08,1.0
20230061663.0,J222802.87+353300.2,337.012,35.55,0.0012,6165.2,1.49,5999.13,6342.18,6040.97,1.49,1391.7839,0.0071,0.02056,5e-06,3.2,3.2,0,9.46,2.98,125.22,4.47,6.66,1.02,308.05,45.74,240.08,45.74,1.02,38.73,82.16,4.11,8.68,0.08,1.0
20230058895.0,J142000.92+354222.4,215.0038,35.7062,0.0069,8364.25,2.09,8301.33,8437.77,8137.22,2.09,1381.8519,0.0099,0.0279,7e-06,2.7,2.7,0,22.93,4.18,30.47,6.27,4.9,1.21,103.41,32.27,72.86,32.27,1.21,7.05,109.96,5.5,8.46,0.14,1.0
20230053964.0,J113527.33+354801.9,173.8639,35.8005,0.0033,9593.46,2.47,9358.96,9716.42,9295.99,2.47,1376.3617,0.0117,0.032,9e-06,2.8,2.8,0,24.04,4.94,70.14,7.41,4.11,0.85,155.21,38.33,202.01,38.33,0.85,14.76,137.22,6.86,8.82,0.12,1.0
20230013053.0,J132034.31+355300.0,200.1429,35.8833,0.0028,5402.14,1.36,5316.96,5464.16,5306.52,1.36,1395.2637,0.0065,0.01802,5e-06,3.7,3.7,0,22.22,2.72,40.9,4.09,9.38,1.22,248.11,34.43,195.7,34.43,1.22,17.03,75.13,3.76,8.51,0.07,1.0
20230052219.0,J031946.40+360224.1,49.9433,36.04,0.0026,6403.41,2.44,6267.91,6578.0,6269.5,2.44,1390.7011,0.0116,0.02136,8e-06,3.3,3.3,0,16.28,4.88,90.13,7.32,6.23,1.2,231.56,50.85,131.22,50.85,1.2,18.91,86.61,4.33,8.6,0.1,1.0
20230054537.0,J084340.76+363419.3,130.9198,36.572,0.0018,9802.97,1.48,9722.75,9915.57,9492.57,1.48,1375.4303,0.007,0.0327,5e-06,3.1,3.1,0,5.49,2.96,63.59,4.44,6.33,0.86,140.14,27.66,122.77,27.66,0.86,27.61,140.35,7.02,8.8,0.1,1.0
20230055005.0,J102909.61+365341.2,157.2901,36.8948,0.0018,11249.89,2.18,10997.68,11449.34,10843.0,2.18,1369.032,0.0103,0.03753,8e-06,2.5,2.5,0,18.68,4.35,137.71,6.53,2.32,0.41,121.83,21.05,97.09,21.05,0.41,26.9,158.83,7.94,8.84,0.09,1.0
20230014939.0,J084130.71+365635.1,130.378,36.9431,0.004,9877.82,1.87,9825.83,9929.17,9562.74,1.87,1375.0978,0.0089,0.03295,7e-06,2.3,2.3,0,14.71,3.75,32.91,5.62,2.01,0.34,40.58,7.68,39.51,7.68,0.34,12.21,141.29,7.06,8.27,0.09,1.0
20230061728.0,J062644.47+370456.0,96.6853,37.0822,0.0038,7032.65,2.97,6958.53,7134.59,6871.46,2.97,1387.849,0.0141,0.02346,1e-05,7.0,6.0,135,11.64,5.95,60.07,8.92,10.55,2.49,270.03,77.29,234.56,77.29,2.49,12.56,97.37,4.87,8.77,0.13,0.8571428571428571
20230015282.0,J105230.34+370951.4,163.1264,37.1643,0.0024,7759.09,2.86,7649.57,7887.38,7563.34,2.86,1384.5709,0.0135,0.02588,1e-05,3.2,3.2,0,24.8,5.72,136.38,8.57,3.46,0.93,233.13,34.09,211.73,34.09,0.93,19.83,112.63,5.63,8.83,0.08,1.0
20230054777.0,J052902.82+371359.4,82.2617,37.2332,0.0021,7225.09,1.17,7134.13,7296.81,7055.06,1.17,1386.9791,0.0055,0.0241,4e-06,4.8,4.3,74,18.29,2.34,42.61,3.51,11.05,1.22,298.2,36.15,229.15,36.15,1.22,22.6,99.79,4.99,8.83,0.07,0.8958333333333334
20230015606.0,J162357.37+371904.3,245.989,37.3178,0.0028,9818.85,2.42,9647.0,9970.64,9507.46,2.42,1375.3598,0.0115,0.03275,9e-06,2.2,2.2,0,14.28,4.83,74.24,7.25,3.44,0.77,126.08,32.86,158.37,32.86,0.77,17.19,125.83,6.29,8.66,0.12,1.0
20230015793.0,J071255.14+372615.1,108.2297,37.4375,0.0056,11788.4,3.29,11719.79,11873.23,11342.4,3.29,1366.6659,0.0156,0.03932,1.2e-05,3.7,3.7,0,17.33,6.59,45.85,9.88,7.03,1.78,163.49,50.29,124.67,50.29,1.78,8.7,161.73,8.09,8.99,0.14,1.0
20230015820.0,J015916.44+372730.1,29.8185,37.4584,0.0034,4570.59,4.51,4431.93,4764.72,4501.95,4.51,1399.0757,0.0214,0.01525,1.5e-05,4.2,4.2,0,21.21,9.02,163.98,13.52,22.44,8.54,1415.04,378.05,523.09,378.05,8.54,14.22,49.29,2.46,8.9,0.12,1.0
20230016103.0,J094707.88+373704.1,146.7828,37.6178,0.0026,1554.2,1.02,1507.76,1605.7,1546.18,1.02,1413.08,0.0048,0.00518,3e-06,4.8,3.9,71,19.75,2.03,32.45,3.05,14.0,1.5,317.94,33.71,278.14,33.71,1.5,18.84,27.1,1.36,7.74,0.06,0.8125
20230054509.0,J140907.20+373949.4,212.28,37.6637,0.0021,9607.79,2.61,9427.68,10019.57,9309.44,2.61,1376.298,0.0124,0.03205,9e-06,2.7,2.7,0,13.04,5.23,142.14,7.84,2.77,0.66,140.99,38.93,116.92,38.93,0.66,23.32,133.0,6.65,8.76,0.13,1.0
20230054754.0,J120547.91+374929.8,181.4496,37.825,0.0032,13192.91,2.73,12991.69,13358.01,12636.8,2.73,1360.5331,0.0129,0.04401,1e-05,2.4,2.4,0,23.81,5.46,83.65,8.19,2.23,0.53,99.98,24.12,112.81,24.12,0.53,15.2,183.88,9.19,8.88,0.11,1.0
20230054763.0,J122240.71+380509.8,185.6696,38.0861,0.0011,8858.07,1.22,8655.12,9093.17,8603.85,1.22,1379.641,0.0058,0.02955,4e-06,2.8,2.8,0,15.28,2.44,121.46,3.66,4.79,0.51,229.38,25.84,215.56,25.84,0.51,45.28,127.03,6.35,8.93,0.07,1.0
20230016828.0,J123305.73+380658.5,188.2739,38.1163,0.0016,718.1,0.53,649.31,746.62,716.38,0.53,1417.0115,0.0025,0.0024,2e-06,6.0,5.3,10,19.45,1.07,28.36,1.6,22.45,1.35,452.54,30.31,346.95,30.31,1.35,30.03,9.55,0.48,6.99,0.05,0.8833333333333333
20230017251.0,J133617.41+382232.7,204.0725,38.3758,0.0044,13484.19,2.32,13414.16,13555.42,12903.8,2.32,1359.268,0.011,0.04498,8e-06,2.1,2.1,0,12.15,4.63,34.27,6.95,1.82,0.35,33.95,9.44,24.96,9.44,0.35,10.9,185.26,9.26,8.42,0.13,1.0
20230050960.0,J004313.21+383753.7,10.805,38.6316,0.0062,17062.4,2.31,16975.87,17148.97,16143.6,2.31,1343.918,0.011,0.05691,9e-06,2.8,2.8,0,20.01,4.63,31.32,6.94,3.76,0.93,82.12,27.55,93.19,27.55,0.93,7.8,229.6,11.48,8.98,0.15,1.0
20230054588.0,J161350.54+383927.3,243.4606,38.6576,0.0052,11090.87,1.09,11046.68,11157.78,10695.2,1.09,1369.7323,0.0052,0.037,4e-06,2.2,2.2,0,17.96,2.19,21.48,3.28,5.09,0.92,91.16,21.54,85.54,21.54,0.92,9.22,152.32,7.62,8.68,0.11,1.0
20230042416.0,J030721.41+385741.5,46.8392,38.9615,0.0015,4697.96,2.1,4491.39,4944.39,4625.48,2.1,1398.4904,0.01,0.01567,7e-06,2.5,2.5,0,15.22,4.2,172.12,6.3,4.19,0.76,240.14,39.6,361.74,39.6,0.76,31.99,50.64,2.53,8.15,0.08,1.0
20230018173.0,J124956.72+390041.6,192.4863,39.0115,0.0023,12160.43,2.43,12074.72,12270.47,11686.4,2.43,1365.036,0.0115,0.04056,9e-06,2.5,2.5,0,20.22,4.87,113.42,7.3,2.05,0.42,101.64,13.57,119.43,13.57,0.42,21.28,169.89,8.49,8.82,0.07,1.0
20230061878.0,J145956.63+391521.9,224.986,39.2561,0.0047,9362.71,3.18,9249.71,9435.06,9079.16,3.18,1377.389,0.015,0.03123,1.1e-05,3.4,3.4,0,22.17,6.35,59.56,9.53,4.92,1.28,157.22,40.44,153.09,40.44,1.28,10.33,122.59,6.13,8.73,0.12,1.0
20230061879.0,J145746.12+391551.0,224.4421,39.2642,0.0024,10067.49,2.28,9956.31,10135.61,9740.39,2.28,1374.2561,0.0108,0.03358,8e-06,3.0,3.0,0,19.76,4.57,94.22,6.85,4.67,0.84,191.56,26.03,149.99,26.03,0.84,20.28,137.13,6.86,8.91,0.07,1.0
20230142538.0,J120730.93+391729.9,181.8789,39.2916,0.0023,1057.75,1.43,928.1,1129.73,1054.03,1.43,1415.4118,0.0068,0.00353,5e-06,2.6,2.6,0,19.12,2.86,51.82,4.29,6.54,0.71,168.95,24.32,182.43,24.32,0.71,21.48,18.93,0.95,7.15,0.08,1.0
20230019574.0,J032327.36+394431.3,50.864,39.742,0.0026,1666.77,3.0,1513.85,1781.84,1657.55,3.0,1412.5523,0.0142,0.00556,1e-05,3.4,3.4,0,17.09,6.0,122.62,9.01,3.19,0.86,164.72,34.2,189.8,34.2,0.86,18.36,22.86,1.14,7.3,0.1,1.0
20230019820.0,J024532.31+395534.1,41.3846,39.9261,0.0031,700.36,1.17,603.93,805.05,698.72,1.17,1417.0952,0.0055,0.00234,4e-06,4.7,4.2,136,19.74,2.34,31.42,3.51,9.76,1.17,206.25,40.01,112.69,40.01,1.17,15.68,13.23,0.66,6.93,0.09,0.8936170212765957
20230019891.0,J140026.91+395853.7,210.1121,39.9816,0.0041,13012.95,2.81,12935.63,13097.45,12471.6,2.81,1361.3158,0.0133,0.04341,1e-05,2.6,2.6,0,9.73,5.62,48.65,8.44,6.12,1.17,109.67,33.76,84.77,33.76,1.17,11.91,178.74,8.94,8.9,0.14,1.0
20230019963.0,J152616.76+400230.3,231.5699,40.0417,0.0009,6584.01,0.91,6468.62,6691.14,6442.52,0.91,1389.8813,0.0043,0.02196,3e-06,4.2,3.8,72,5.0,1.83,83.86,2.74,17.3,1.46,432.42,51.82,467.97,51.82,1.46,52.22,88.62,4.43,8.89,0.07,0.9047619047619047
20230020202.0,J084731.64+401053.0,131.8818,40.1814,0.0017,16625.22,1.4,16501.88,16768.04,15751.7,1.4,1345.7748,0.0066,0.05546,5e-06,2.5,2.5,0,7.5,2.8,61.11,4.2,3.11,0.39,76.71,14.85,67.0,14.85,0.39,28.09,220.94,11.05,8.92,0.09,1.0
20230021424.0,J131141.38+405143.4,197.9224,40.8621,0.0023,604.18,0.83,532.84,701.41,602.96,0.83,1417.5489,0.0039,0.00202,3e-06,6.1,5.0,141,21.28,1.66,32.09,2.49,23.18,2.1,520.2,65.01,459.34,65.01,2.1,21.25,9.32,0.47,7.03,0.07,0.819672131147541
20230021454.0,J122010.87+405238.1,185.0453,40.8773,0.002,519.59,0.68,468.25,571.92,518.69,0.68,1417.9482,0.0032,0.00173,2e-06,5.8,5.0,116,20.99,1.37,30.44,2.05,12.97,1.0,280.31,23.41,210.73,23.41,1.0,24.11,7.26,0.36,6.54,0.06,0.8620689655172414
20230021456.0,J023026.75+405247.4,37.6114,40.8798,0.0008,4949.26,0.94,4790.52,5057.34,4868.88,0.94,1397.3372,0.0045,0.01651,3e-06,3.8,3.3,137,5.46,1.88,110.44,2.82,17.33,1.87,646.75,73.44,645.52,73.44,1.87,58.54,53.85,2.69,8.64,0.07,0.868421052631579
20230021521.0,J143701.13+405507.6,219.2547,40.9188,0.0044,4776.33,2.36,4611.17,4924.31,4701.43,2.36,1398.1306,0.0112,0.01593,8e-06,1.6,1.6,0,20.08,4.73,43.92,7.09,1.46,0.32,40.21,13.71,60.13,13.71,0.32,11.08,69.28,3.46,7.65,0.15,1.0
20230021993.0,J053701.94+411520.2,84.2581,41.2556,0.0051,13754.47,2.97,13687.06,13828.41,13151.1,2.97,1358.0963,0.0141,0.04588,1.1e-05,2.4,2.4,0,17.72,5.94,44.79,8.92,4.04,0.97,97.13,25.9,71.71,25.9,0.97,9.39,186.45,9.32,8.88,0.12,1.0
20230055325.0,J071055.83+412357.7,107.7326,41.3994,0.0079,13020.68,2.34,12928.61,13322.87,12478.7,2.34,1361.2821,0.0111,0.04343,8e-06,3.7,3.7,0,18.68,4.68,25.81,7.02,6.18,1.54,103.24,72.53,144.05,72.53,1.54,6.13,177.17,8.86,8.86,0.31,1.0
20230057538.0,J133411.23+412752.1,203.5468,41.4645,0.0026,1069.31,0.84,1005.46,1109.61,1065.51,0.84,1415.3574,0.004,0.00357,3e-06,3.1,3.1,0,15.03,1.68,23.42,2.52,74.98,6.71,1216.46,156.76,1031.12,156.76,6.71,18.49,20.54,1.03,8.08,0.07,1.0
20230022468.0,J084548.28+414011.3,131.4512,41.6698,0.0043,13117.93,2.44,12977.71,13195.94,12568.0,2.44,1360.859,0.0116,0.04376,9e-06,2.3,2.3,0,15.44,4.88,41.68,7.33,2.9,0.62,69.76,21.34,118.13,21.34,0.62,11.25,179.39,8.97,8.7,0.14,1.0
20230062160.0,J165607.81+414318.3,254.0326,41.7218,0.0026,8452.9,3.06,8328.39,8567.25,8221.1,3.06,1381.4545,0.0145,0.0282,1.1e-05,3.4,3.4,0,12.67,6.11,127.19,9.17,6.78,1.71,288.89,62.36,238.76,62.36,1.71,18.8,106.43,5.32,8.87,0.1,1.0
20230062178.0,J072528.95+414644.8,111.3706,41.7791,0.0057,11760.75,2.09,11705.88,11831.4,11316.8,2.09,1366.7872,0.0099,0.03923,8e-06,2.8,2.8,0,18.69,4.17,29.57,6.26,4.03,0.89,82.66,22.31,54.58,22.31,0.89,8.49,161.41,8.07,8.69,0.13,1.0
20230023111.0,J123235.35+420704.7,188.1473,42.118,0.0034,7222.6,2.52,7128.82,7304.88,7052.69,2.52,1386.9904,0.012,0.02409,9e-06,3.6,3.6,0,20.54,5.05,66.48,7.57,6.33,1.13,186.32,34.95,203.29,34.95,1.13,14.41,99.96,5.0,8.63,0.09,1.0
20230055657.0,J160701.16+421648.9,241.7548,42.2803,0.0017,9736.96,1.93,9537.18,9936.39,9430.66,1.93,1375.7236,0.0091,0.03248,7e-06,2.4,2.4,0,12.69,3.85,122.61,5.78,3.82,0.67,177.12,32.21,211.35,32.21,0.67,29.23,127.01,6.35,8.81,0.09,1.0
20230023570.0,J014944.89+422143.1,27.437,42.362,0.0043,13137.11,2.38,13041.07,13203.01,12585.6,2.38,1360.7756,0.0113,0.04382,9e-06,3.2,3.2,0,21.23,4.76,45.65,7.13,4.27,1.0,130.09,28.95,140.07,28.95,1.0,11.15,174.63,8.73,8.95,0.11,1.0
20230023631.0,J014024.04+422429.2,25.1002,42.4081,0.0044,9596.1,3.23,9468.83,9737.04,9298.46,3.23,1376.35,0.0153,0.03201,1.1e-05,2.6,2.6,0,19.78,6.46,63.81,9.68,3.32,0.87,108.31,33.82,103.46,33.82,0.87,11.03,130.21,6.51,8.62,0.14,1.0
20230023665.0,J081708.30+422550.3,124.2846,42.4306,0.0031,7220.34,2.62,7135.61,7352.34,7050.53,2.62,1387.0006,0.0124,0.02408,9e-06,4.2,3.8,111,25.22,5.23,84.27,7.85,5.8,1.25,249.43,43.32,181.78,43.32,1.25,15.77,102.55,5.13,8.78,0.09,0.9047619047619047
20230055733.0,J112653.98+422658.3,171.7249,42.4495,0.0021,9987.89,2.73,9887.65,10128.96,9665.86,2.73,1374.6093,0.0129,0.03332,1e-05,3.1,3.1,0,24.8,5.47,157.82,8.2,2.59,0.6,171.07,21.91,144.01,21.91,0.6,22.65,141.87,7.09,8.89,0.07,1.0
20230024193.0,J052033.08+424315.4,80.1378,42.7209,0.0014,7073.95,2.02,6845.3,7257.83,6910.88,2.02,1387.6623,0.0096,0.0236,7e-06,3.3,3.3,0,11.97,4.03,169.71,6.05,6.92,1.38,404.08,67.9,466.48,67.9,1.38,33.44,98.43,4.92,8.95,0.08,1.0
20230024196.0,J013320.77+424326.0,23.3365,42.7239,0.0014,13292.23,1.45,13202.79,13407.29,12727.9,1.45,1360.1014,0.0068,0.04434,5e-06,2.6,2.6,0,3.78,2.89,87.23,4.34,4.14,0.54,90.08,17.81,67.4,17.81,0.54,33.92,176.32,8.82,8.8,0.1,1.0
20230024245.0,J031617.99+424509.8,49.075,42.7527,0.0015,9075.39,1.53,8982.91,9202.23,8808.73,1.53,1378.6703,0.0073,0.03027,5e-06,2.4,2.4,0,4.49,3.06,84.05,4.59,6.12,0.69,114.93,23.84,117.78,23.84,0.69,31.27,124.87,6.24,8.61,0.1,1.0
20230024607.0,J132024.60+425853.1,200.1025,42.9814,0.0017,1340.66,0.89,1252.95,1429.04,1334.69,0.89,1414.082,0.0042,0.00447,3e-06,1.6,1.6,0,20.36,1.78,42.03,2.67,5.26,0.44,140.25,13.87,137.7,13.87,0.44,28.08,24.59,1.23,7.3,0.06,1.0
20230024800.0,J065636.59+430925.4,104.1525,43.157,0.0023,11706.87,1.74,11573.48,11852.3,11266.9,1.74,1367.0236,0.0082,0.03905,6e-06,2.3,2.3,0,4.45,3.47,50.34,5.21,6.95,0.93,103.65,36.47,119.83,36.47,0.93,20.93,160.19,8.01,8.78,0.16,1.0
20230024885.0,J120501.30+431412.0,181.2554,43.2367,0.0023,923.2,0.82,850.26,999.73,920.37,0.82,1416.0451,0.0039,0.00308,3e-06,3.7,3.7,0,16.7,1.63,27.03,2.45,7.11,0.61,133.15,17.62,180.91,17.62,0.61,21.14,16.54,0.83,6.93,0.07,1.0
20230025255.0,J232032.46+433324.3,350.1352,43.5568,0.0024,5409.66,1.97,5337.07,5511.06,5313.77,1.97,1395.2293,0.0093,0.01804,7e-06,2.0,2.0,0,4.71,3.93,58.81,5.9,3.1,0.54,59.55,16.73,46.56,16.73,0.54,20.08,67.74,3.39,7.8,0.13,1.0
20230025382.0,J030219.35+433946.8,45.5806,43.663,0.0025,289.04,0.96,222.9,345.81,288.76,0.96,1419.0376,0.0045,0.00096,3e-06,5.9,4.9,60,21.48,1.91,33.29,2.87,17.74,1.81,409.6,46.9,433.34,46.9,1.81,19.27,8.15,0.41,6.81,0.07,0.8305084745762712
20230025553.0,J075048.32+434732.4,117.7013,43.7923,0.0024,12076.22,2.27,11970.22,12200.81,11608.6,2.27,1365.4046,0.0108,0.04028,8e-06,2.2,2.2,0,4.26,4.54,75.83,6.81,3.33,0.55,56.91,19.29,23.23,19.29,0.55,19.99,165.44,8.27,8.55,0.15,1.0
20230025566.0,J024109.47+434805.5,40.2894,43.8015,0.0022,6747.44,1.95,6603.07,6893.35,6598.92,1.95,1389.1403,0.0092,0.02251,7e-06,2.5,2.5,0,5.63,3.89,69.0,5.84,7.38,0.97,128.09,39.72,131.57,39.72,0.97,21.94,94.35,4.72,8.42,0.14,1.0
20230055819.0,J120539.18+434817.4,181.4133,43.8048,0.0029,12146.36,1.12,12067.85,12214.66,11673.4,1.12,1365.0976,0.0053,0.04052,4e-06,4.6,4.6,0,20.3,2.24,32.15,3.36,4.71,0.56,105.44,15.4,77.24,15.4,0.56,16.48,169.98,8.5,8.84,0.08,1.0
20230025721.0,J120920.62+435708.4,182.3359,43.9523,0.0014,924.62,1.42,811.25,1025.68,921.78,1.42,1416.0384,0.0067,0.00308,5e-06,4.5,4.5,0,21.24,2.84,100.48,4.26,8.52,0.85,333.0,30.06,360.68,30.06,0.85,33.62,17.64,0.88,7.39,0.06,1.0
20230025798.0,J021940.16+440129.5,34.9173,44.0249,0.0009,4794.52,1.09,4724.17,4884.13,4719.05,1.09,1398.0471,0.0052,0.01599,4e-06,2.9,2.9,0,3.83,2.18,110.72,3.27,15.77,1.26,316.59,37.18,290.01,37.18,1.26,50.92,52.03,2.6,8.3,0.07,1.0
20230025973.0,J034725.24+440856.1,56.8552,44.1489,0.003,9384.75,1.31,9304.51,9476.21,9099.89,1.31,1377.2908,0.0062,0.0313,5e-06,4.7,3.8,51,7.39,2.62,23.01,3.94,18.76,1.79,199.22,54.31,206.05,54.31,1.79,16.17,129.63,6.48,8.88,0.13,0.8085106382978723
20230025978.0,J041937.13+440918.0,64.9047,44.155,0.0046,6201.48,1.77,6146.44,6260.77,6075.8,1.77,1391.6188,0.0084,0.02069,6e-06,2.7,2.7,0,22.49,3.53,34.63,5.3,4.81,1.01,128.47,24.48,125.41,24.48,1.01,10.59,84.36,4.22,8.32,0.09,1.0
20230026148.0,J012944.71+441902.5,22.4363,44.3173,0.0046,1786.25,2.47,1703.44,1840.71,1775.67,2.47,1411.9927,0.0117,0.00596,8e-06,3.0,3.0,0,14.33,4.94,37.35,7.41,5.53,1.06,105.52,29.01,25.97,29.01,1.06,10.42,23.91,1.2,7.15,0.13,1.0
20230026367.0,J092925.44+443052.0,142.356,44.5144,0.0044,1686.8,2.82,1631.29,1781.74,1677.36,2.82,1412.4585,0.0133,0.00563,9e-06,4.2,4.2,0,24.16,5.63,57.5,8.45,6.65,1.44,197.22,41.74,168.69,41.74,1.44,11.0,28.66,1.43,7.58,0.1,1.0
20230026495.0,J065230.36+444011.6,103.1265,44.6699,0.0028,13272.27,2.56,13146.48,13386.16,12709.6,2.56,1360.1881,0.0121,0.04427,9e-06,2.7,2.7,0,5.39,5.12,75.68,7.68,5.03,1.07,109.92,38.36,62.79,38.36,1.07,17.57,180.26,9.01,8.91,0.16,1.0
20230026886.0,J123210.31+450539.9,188.043,45.0944,0.0013,6008.09,1.32,5864.75,6146.9,5890.05,1.32,1392.4989,0.0063,0.02004,5e-06,3.3,3.3,0,7.74,2.65,91.07,3.97,6.79,0.88,228.23,35.35,243.59,35.35,0.88,36.99,83.87,4.19,8.57,0.08,1.0
20230062494.0,J020358.45+451414.8,30.9936,45.2374,0.002,7155.66,2.45,7012.56,7242.86,6988.85,2.45,1387.2928,0.0116,0.02387,9e-06,4.6,3.8,21,24.78,4.91,141.29,7.36,5.84,1.26,373.17,45.18,356.72,45.18,1.26,23.61,100.65,5.03,8.94,0.07,0.8260869565217391
20230027158.0,J031411.51+452258.8,48.548,45.383,0.0018,5254.67,1.44,5143.43,5370.7,5164.15,1.44,1395.9382,0.0068,0.01753,5e-06,3.8,3.8,0,5.5,2.88,58.02,4.33,15.3,1.63,260.24,58.47,310.92,58.47,1.63,26.97,59.27,2.96,8.33,0.11,1.0
20230027183.0,J034647.58+452438.1,56.6983,45.4106,0.0013,5051.47,1.52,4896.93,5197.33,4967.76,1.52,1396.8687,0.0072,0.01685,5e-06,6.1,5.2,147,18.84,3.04,129.61,4.57,18.4,2.83,1154.96,118.63,1215.99,118.63,2.83,37.11,56.7,2.83,8.93,0.06,0.8524590163934427
20230027598.0,J105313.42+454346.0,163.3059,45.7294,0.0026,12397.2,2.73,12228.22,12543.28,11904.9,2.73,1364.0008,0.013,0.04135,1e-05,2.4,2.4,0,17.67,5.47,108.09,8.2,3.24,0.73,144.16,30.39,99.79,30.39,0.73,18.67,172.62,8.63,8.99,0.1,1.0
20230027669.0,J232859.62+454631.7,352.2484,45.7755,0.0044,13279.47,1.81,13202.78,13372.0,12716.2,1.81,1360.1569,0.0086,0.0443,7e-06,2.4,2.4,0,18.56,3.61,32.22,5.42,4.38,0.8,95.8,23.76,87.2,23.76,0.8,10.97,175.36,8.77,8.82,0.12,1.0
20230027678.0,J225647.36+454710.2,344.1973,45.7862,0.0027,20673.34,1.76,20310.75,20812.12,19339.7,1.76,1328.775,0.0084,0.06896,7e-06,1.7,1.7,0,15.09,3.52,49.57,5.29,1.79,0.31,55.32,16.39,104.96,16.39,0.31,17.88,278.36,13.92,8.98,0.14,1.0
20230028271.0,J095321.29+461416.1,148.3387,46.2378,0.0032,3327.48,1.54,3262.62,3394.63,3290.95,1.54,1404.8133,0.0073,0.0111,5e-06,3.8,3.8,0,17.17,3.08,35.63,4.62,8.5,1.13,177.55,30.13,132.82,30.13,1.13,14.99,51.63,2.58,8.04,0.09,1.0
20230028755.0,J121751.82+464039.5,184.4659,46.6776,0.0046,13055.3,2.73,12949.62,13132.58,12510.5,2.73,1361.1315,0.0129,0.04355,1e-05,3.1,3.1,0,19.19,5.45,47.98,8.18,1.8,0.44,51.82,13.73,43.04,13.73,0.44,10.56,180.65,9.03,8.58,0.12,1.0
20230028995.0,J030359.67+465633.6,45.9986,46.9427,0.0027,3367.03,0.86,3321.87,3420.91,3329.63,0.86,1404.6301,0.0041,0.01123,3e-06,5.2,5.2,0,18.55,1.72,26.97,2.59,24.93,2.43,478.26,54.52,394.38,54.52,2.43,18.06,36.95,1.85,8.18,0.07,1.0
20230029142.0,J085625.89+470617.1,134.1079,47.1047,0.0028,1826.12,1.09,1768.57,1906.11,1815.06,1.09,1411.8061,0.0052,0.00609,4e-06,4.7,4.5,1,20.13,2.18,32.7,3.27,11.1,1.27,251.44,34.89,205.33,34.89,1.27,17.45,30.49,1.52,7.74,0.07,0.9574468085106382
20230029191.0,J125309.41+471043.2,193.2892,47.1787,0.0028,10051.36,2.23,9970.13,10121.86,9725.29,2.23,1374.3277,0.0105,0.03353,8e-06,3.5,3.5,0,13.88,4.45,66.66,6.68,6.15,1.06,175.32,29.92,129.15,29.92,1.06,17.52,140.84,7.04,8.9,0.09,1.0
20230029291.0,J030124.82+471710.9,45.3534,47.2863,0.0046,2474.59,1.54,2395.8,2553.37,2454.33,1.54,1408.7772,0.0073,0.00825,5e-06,4.6,4.6,0,20.97,3.07,29.89,4.61,9.94,1.77,213.83,52.37,205.7,52.37,1.77,10.44,28.5,1.42,7.61,0.11,1.0
20230029371.0,J124030.00+472155.4,190.125,47.3654,0.0016,522.82,0.59,461.78,584.89,521.91,0.59,1417.9329,0.0028,0.00174,2e-06,6.4,5.3,74,20.08,1.19,30.91,1.78,25.46,1.63,548.8,42.18,460.5,42.18,1.63,29.69,8.53,0.43,6.97,0.05,0.8281249999999999
20230029624.0,J024452.33+473708.3,41.218,47.619,0.0051,7943.92,2.03,7846.1,8043.39,7738.86,2.03,1383.7393,0.0096,0.0265,7e-06,4.6,4.6,0,20.8,4.05,33.36,6.08,5.89,1.23,133.32,40.54,118.64,40.54,1.23,9.39,110.46,5.52,8.57,0.14,1.0
20230030154.0,J063028.30+481625.9,97.6179,48.2739,0.0026,11761.4,2.04,11559.72,11901.32,11317.4,2.04,1366.7843,0.0097,0.03923,7e-06,3.3,3.3,0,19.01,4.09,69.4,6.13,4.76,0.81,165.59,35.26,335.61,35.26,0.81,18.65,160.43,8.02,8.99,0.1,1.0
20230030315.0,J031525.29+482506.0,48.8554,48.4183,0.0014,13066.63,1.18,12914.61,13210.15,12520.9,1.18,1361.0822,0.0056,0.04359,4e-06,2.7,2.7,0,3.99,2.36,63.9,3.54,7.46,0.65,114.82,26.05,86.57,26.05,0.65,35.18,175.66,8.78,8.9,0.11,1.0
20230030514.0,J041128.84+483745.3,62.8702,48.6293,0.0052,9538.14,2.01,9475.82,9599.55,9244.03,2.01,1376.6079,0.0095,0.03182,7e-06,4.1,4.1,0,22.33,4.02,34.33,6.02,5.22,1.13,124.74,28.24,145.74,28.24,1.13,9.26,132.17,6.61,8.7,0.11,1.0
20230030583.0,J071601.65+484231.3,109.0069,48.7087,0.0035,12895.96,1.19,12830.43,12949.9,12364.1,1.19,1361.8251,0.0056,0.04302,4e-06,2.7,2.7,0,16.57,2.38,25.82,3.57,6.33,0.71,100.33,17.2,101.75,17.2,0.71,13.72,175.1,8.75,8.84,0.09,1.0
20230030771.0,J042602.42+485509.7,66.5101,48.9194,0.005,2239.11,1.61,2173.92,2298.44,2222.51,1.61,1409.8756,0.0076,0.00747,5e-06,8.7,7.0,56,14.43,3.22,22.72,4.83,23.1,3.88,357.77,100.37,298.75,100.37,3.88,9.6,30.95,1.55,7.9,0.13,0.8045977011494253
20230030778.0,J070756.62+485526.4,106.9859,48.924,0.0033,18422.99,2.79,18260.94,18551.9,17356.4,2.79,1338.1718,0.0132,0.06145,1e-05,2.3,2.3,0,13.38,5.58,71.51,8.37,1.65,0.42,56.9,16.47,79.69,16.47,0.42,14.67,245.62,12.28,8.88,0.13,1.0
20230030827.0,J010236.74+490006.1,15.6531,49.0017,0.0016,5952.01,0.61,5885.02,6005.9,5836.14,0.61,1392.7543,0.0029,0.01985,2e-06,4.5,3.8,20,19.1,1.22,30.15,1.83,22.06,1.41,458.38,35.44,426.01,35.44,1.41,29.31,82.82,4.14,8.86,0.05,0.8444444444444444
20230030894.0,J122701.18+490416.5,186.7549,49.0712,0.0042,3558.31,2.42,3473.39,3638.65,3516.57,2.42,1403.7444,0.0115,0.01187,8e-06,2.7,2.7,0,20.01,4.84,47.0,7.26,4.08,0.82,107.41,24.98,116.18,24.98,0.82,11.52,56.15,2.81,7.9,0.11,1.0
20230052741.0,J075537.39+493044.5,118.9058,49.5124,0.0022,3452.16,1.64,3361.31,3533.08,3412.86,1.64,1404.2357,0.0078,0.01152,6e-06,2.6,2.6,0,5.65,3.28,49.25,4.92,4.68,0.73,94.7,22.59,59.0,22.59,0.73,21.6,47.76,2.39,7.7,0.11,1.0
20230031322.0,J142718.99+493234.4,216.8291,49.5429,0.0013,3866.53,0.96,3756.97,3988.84,3817.3,0.96,1402.3195,0.0046,0.0129,3e-06,4.7,4.7,0,9.36,1.92,54.46,2.88,32.29,1.91,554.18,69.75,613.19,69.75,1.91,37.52,59.33,2.97,8.66,0.07,1.0
20230031744.0,J041932.57+500416.5,64.8857,50.0712,0.0052,2225.15,1.92,2121.57,2344.38,2208.76,1.92,1409.9407,0.0091,0.00742,6e-06,3.6,3.6,0,16.81,3.84,27.79,5.76,9.46,1.87,179.99,67.33,175.93,67.33,1.87,9.27,30.77,1.54,7.6,0.17,1.0
20230056245.0,J065852.74+500540.6,104.7198,50.0946,0.0064,11449.38,2.61,11261.2,11518.6,11028.2,2.61,1368.1545,0.0124,0.03819,9e-06,2.7,2.7,0,15.08,5.22,28.53,7.84,7.2,1.75,129.89,66.07,148.06,66.07,1.75,7.54,156.66,7.83,8.86,0.23,1.0
20230052692.0,J102341.54+502450.0,155.9231,50.4139,0.0021,1798.52,1.73,1734.87,1865.74,1787.79,1.73,1411.9353,0.0082,0.006,6e-06,2.5,2.5,0,7.08,3.45,60.37,5.18,5.11,0.77,117.28,20.51,60.02,20.51,0.77,22.68,30.29,1.51,7.4,0.09,1.0
20230032104.0,J033938.76+503013.8,54.9115,50.5038,0.0016,9964.6,1.69,9853.13,10121.98,9644.05,1.69,1374.7126,0.008,0.03324,6e-06,2.5,2.5,0,15.61,3.37,105.56,5.06,3.61,0.54,162.85,20.92,173.07,20.92,0.54,30.18,137.05,6.85,8.84,0.07,1.0
20230032225.0,J050240.90+503935.6,75.6704,50.6599,0.0044,9648.05,2.07,9523.63,9874.58,9347.23,2.07,1376.1189,0.0098,0.03218,7e-06,2.7,2.7,0,22.76,4.13,40.26,6.2,5.29,1.09,142.47,48.63,191.14,48.63,1.09,10.86,133.99,6.7,8.77,0.15,1.0
20230032351.0,J050640.34+504919.5,76.6681,50.8221,0.0051,11112.92,2.51,11004.98,11192.47,10715.7,2.51,1369.6352,0.0119,0.03707,9e-06,2.9,2.9,0,15.67,5.03,35.66,7.54,5.07,1.26,120.09,39.79,55.71,39.79,1.26,9.54,151.99,7.6,8.8,0.15,1.0
20230051574.0,J091420.38+505700.6,138.5849,50.9502,0.007,17826.3,2.47,17733.84,17893.4,16825.8,2.47,1340.6857,0.0117,0.05946,9e-06,2.3,2.3,0,21.38,4.94,31.52,7.4,2.3,0.63,50.68,17.65,40.14,17.65,0.63,6.92,237.6,11.88,8.8,0.16,1.0
20230032533.0,J045535.45+510053.0,73.8977,51.0147,0.0034,9923.62,1.58,9880.84,9984.22,9605.66,1.58,1374.8945,0.0075,0.0331,6e-06,3.3,3.3,0,18.8,3.16,35.97,4.74,7.04,1.07,165.65,24.07,146.61,24.07,1.07,14.08,137.18,6.86,8.85,0.08,1.0
20230032608.0,J055726.37+510747.6,89.3599,51.1299,0.0038,15734.32,3.16,15615.44,15837.13,14949.7,3.16,1349.5746,0.015,0.05248,1.2e-05,2.8,2.8,0,16.76,6.31,73.71,9.47,2.97,0.73,96.62,24.87,93.85,24.87,0.73,12.83,210.17,10.51,8.98,0.12,1.0
20230032623.0,J074521.82+510830.7,116.3409,51.1419,0.0021,5796.47,3.11,5570.3,5992.87,5686.52,3.11,1393.4632,0.0147,0.01933,1.1e-05,2.3,2.3,0,23.46,6.22,196.13,9.33,2.9,0.7,195.76,35.26,193.64,35.26,0.7,22.66,79.95,4.0,8.46,0.09,1.0
20230033177.0,J064136.05+514507.8,100.4002,51.7522,0.0034,13660.1,2.52,13576.65,13711.0,13064.8,2.52,1358.5052,0.0119,0.04557,9e-06,1.7,1.7,0,16.11,5.04,60.06,7.57,3.24,0.56,79.75,14.43,79.24,14.43,0.56,14.11,185.03,9.25,8.79,0.09,1.0
20230033225.0,J083537.21+514726.9,128.905,51.7908,0.0042,5038.14,1.77,4930.33,5103.87,4954.87,1.77,1396.9298,0.0084,0.01681,6e-06,4.7,4.2,33,20.79,3.55,35.03,5.32,8.82,1.75,230.0,54.13,97.91,54.13,1.75,11.42,70.54,3.53,8.42,0.11,0.8936170212765957
20230033603.0,J050017.49+521309.9,75.0729,52.2194,0.0037,9411.48,3.35,9167.49,9545.04,9125.02,3.35,1377.1717,0.0159,0.03139,1.2e-05,2.8,2.8,0,25.13,6.7,92.9,10.05,3.93,0.95,159.31,44.37,222.69,44.37,0.95,13.18,130.94,6.55,8.8,0.13,1.0
20230033829.0,J155632.04+522615.5,239.1335,52.4376,0.0027,12867.68,2.2,12584.86,12978.11,12338.1,2.2,1361.9483,0.0104,0.04292,8e-06,2.7,2.7,0,11.35,4.39,65.85,6.59,2.48,0.45,69.85,21.36,148.0,21.36,0.45,18.05,173.74,8.69,8.68,0.14,1.0
20230033861.0,J084058.92+522751.9,130.2455,52.4644,0.0013,9285.69,1.23,9181.35,9394.1,9006.72,1.23,1377.7322,0.0058,0.03097,4e-06,2.9,2.9,0,10.01,2.46,81.67,3.69,5.84,0.77,226.79,26.19,265.58,26.19,0.77,36.97,131.36,6.57,8.95,0.07,1.0
20230033894.0,J163214.31+522931.8,248.0596,52.4922,0.003,2238.34,3.08,2121.57,2396.87,2221.75,3.08,1409.8792,0.0146,0.00747,1e-05,3.2,3.2,0,20.95,6.17,108.98,9.25,4.31,0.99,187.84,40.09,173.36,40.09,0.99,16.33,31.62,1.58,7.64,0.1,1.0
20230063227.0,J142003.09+523043.2,215.0129,52.512,0.0038,4365.49,2.42,4299.54,4392.57,4302.83,2.42,1400.0191,0.0115,0.01456,8e-06,3.8,3.8,0,23.02,4.84,56.72,7.25,3.81,0.77,120.7,16.58,109.9,16.58,0.77,12.89,65.75,3.29,8.08,0.07,1.0
20230033982.0,J010726.50+523445.0,16.8604,52.5792,0.0027,2209.39,1.81,2134.7,2285.41,2193.23,1.81,1410.0143,0.0086,0.00737,6e-06,2.5,2.5,0,9.5,3.61,45.01,5.42,7.86,0.94,129.58,27.15,61.73,27.15,0.94,17.69,25.72,1.29,7.3,0.1,1.0
20230034861.0,J153130.67+531849.2,232.8778,53.3137,0.0023,2171.69,2.37,1977.61,2265.76,2156.07,2.37,1410.1904,0.0112,0.00724,8e-06,3.7,3.7,0,10.78,4.73,99.37,7.1,8.47,1.71,302.44,70.54,302.65,70.54,1.71,21.35,34.46,1.72,7.92,0.11,1.0
20230035152.0,J021837.73+533332.5,34.6572,53.559,0.001,7167.33,0.99,7013.98,7284.7,6999.98,0.99,1387.2401,0.0047,0.02391,3e-06,2.5,2.5,0,8.48,1.97,89.95,2.96,4.48,0.5,181.8,19.74,185.63,19.74,0.5,49.11,101.34,5.07,8.63,0.06,1.0
20230063286.0,J135406.44+534652.8,208.5268,53.7813,0.0021,296.79,1.24,239.59,343.31,296.5,1.24,1419.001,0.0059,0.00099,4e-06,4.7,4.2,163,22.15,2.48,49.88,3.72,11.59,1.24,335.66,28.92,300.73,28.92,1.24,22.8,6.43,0.32,6.51,0.06,0.8936170212765957
20230035576.0,J060357.46+535401.3,90.9894,53.9004,0.0025,7767.1,2.94,7588.5,7969.08,7570.95,2.94,1384.5349,0.0139,0.02591,1e-05,3.1,3.1,0,14.82,5.88,124.73,8.83,2.84,0.73,136.84,34.55,114.15,34.55,0.73,19.12,110.67,5.53,8.59,0.12,1.0
20230035788.0,J144642.20+540701.4,221.6758,54.117,0.0033,5692.14,3.09,5597.24,5798.37,5586.08,3.09,1393.9391,0.0146,0.01899,1.1e-05,4.8,4.0,103,25.59,6.18,95.76,9.27,13.15,2.49,463.96,83.7,521.77,83.7,2.49,14.54,80.59,4.03,8.84,0.09,0.8333333333333334
20230036013.0,J164550.20+541828.0,251.4592,54.3078,0.0033,8761.64,3.45,8628.02,8942.68,8512.85,3.45,1380.0722,0.0163,0.02923,1.2e-05,3.4,3.4,0,22.94,6.89,109.07,10.34,2.49,0.78,136.2,32.94,96.61,32.94,0.78,14.45,115.12,5.76,8.62,0.11,1.0
20230056767.0,J070456.75+541924.8,106.2364,54.3236,0.0034,11074.2,3.49,10921.91,11352.43,10679.7,3.49,1369.8057,0.0166,0.03694,1.3e-05,2.3,2.3,0,16.16,6.99,100.0,10.48,2.13,0.61,87.79,30.43,72.4,30.43,0.61,14.06,151.74,7.59,8.66,0.16,1.0
20230056672.0,J001356.58+542111.1,3.4857,54.3531,0.006,9681.11,2.42,9606.1,9798.79,9378.26,2.42,1375.9719,0.0114,0.03229,9e-06,2.2,2.2,0,24.1,4.83,37.05,7.25,2.83,0.78,77.45,25.2,41.89,25.2,0.78,8.0,131.92,6.6,8.49,0.15,1.0
20230036458.0,J133555.52+544427.1,203.9813,54.7409,0.0023,358.69,0.83,287.4,397.42,358.26,0.83,1418.7083,0.0039,0.0012,3e-06,5.2,4.6,31,21.22,1.66,32.1,2.49,24.47,2.21,549.4,53.61,427.22,53.61,2.21,21.29,7.46,0.37,6.86,0.06,0.8846153846153845
20230036518.0,J003220.28+544733.0,8.0845,54.7925,0.0029,11278.2,2.79,11178.21,11393.73,10869.3,2.79,1368.9074,0.0132,0.03762,1e-05,3.1,3.1,0,17.91,5.58,92.19,8.38,4.06,0.85,150.31,28.97,137.69,28.97,0.85,16.56,151.61,7.58,8.89,0.09,1.0
20230036896.0,J084304.72+550914.3,130.7697,55.154,0.0049,13453.84,1.95,13364.85,13626.16,12876.0,1.95,1359.3997,0.0093,0.04488,7e-06,2.8,2.8,0,22.66,3.9,35.37,5.86,5.05,1.04,123.21,39.39,132.78,39.39,1.04,9.8,183.11,9.16,8.97,0.15,1.0
20230037009.0,J071526.37+551458.6,108.8599,55.2496,0.0069,10994.23,3.76,10921.99,11067.7,10605.3,3.76,1370.1582,0.0178,0.03667,1.3e-05,2.9,2.9,0,26.91,7.53,50.72,11.29,2.66,0.83,76.19,22.88,75.08,22.88,0.83,6.96,150.89,7.54,8.6,0.14,1.0
20230037149.0,J094300.85+552531.0,145.7536,55.4253,0.0024,810.91,1.01,752.75,863.34,808.73,1.01,1416.574,0.0048,0.0027,3e-06,3.5,3.5,0,21.44,2.02,35.97,3.02,13.15,1.37,324.77,33.15,287.47,33.15,1.37,20.29,16.75,0.84,7.33,0.06,1.0
20230037757.0,J071630.35+560412.6,109.1264,56.0702,0.0033,13280.34,2.45,13111.24,13435.54,12717.0,2.45,1360.1531,0.0116,0.0443,9e-06,1.6,1.6,0,8.15,4.9,52.13,7.36,2.55,0.38,40.03,16.19,57.92,16.19,0.38,14.51,180.12,9.01,8.47,0.18,1.0
20230037771.0,J045504.81+560531.4,73.77,56.0921,0.0032,1924.46,1.34,1853.64,1984.48,1912.19,1.34,1411.3459,0.0063,0.00642,5e-06,4.4,4.0,20,18.91,2.67,32.95,4.01,10.34,1.18,194.89,31.39,136.1,31.39,1.18,15.06,28.53,1.43,7.57,0.08,0.9090909090909091
20230037977.0,J120632.09+562351.5,181.6337,56.3976,0.0017,9611.86,1.79,9496.33,9757.69,9313.26,1.79,1376.2799,0.0085,0.03206,6e-06,3.6,3.6,0,5.49,3.59,94.43,5.38,6.32,1.02,169.74,38.81,140.66,38.81,1.02,28.2,133.44,6.67,8.84,0.11,1.0
20230038003.0,J104053.87+562621.3,160.2244,56.4392,0.0022,7901.51,1.11,7798.66,7961.86,7698.6,1.11,1383.9301,0.0052,0.02636,4e-06,3.2,3.2,0,17.35,2.21,38.54,3.32,11.47,1.23,290.04,36.47,161.56,36.47,1.23,22.35,111.43,5.57,8.92,0.07,1.0
20230063559.0,J164453.68+564352.5,251.2237,56.7313,0.0021,5345.41,0.8,5283.52,5383.85,5251.77,0.8,1395.5231,0.0038,0.01783,3e-06,4.4,4.4,0,17.62,1.6,29.36,2.4,33.33,2.82,690.36,63.35,589.63,63.35,2.82,23.02,73.43,3.67,8.94,0.06,1.0
20230038542.0,J125105.97+572218.0,192.7749,57.3717,0.0017,425.99,1.13,323.74,537.72,425.39,1.13,1418.3903,0.0053,0.00142,4e-06,5.7,5.0,63,21.41,2.25,58.68,3.38,25.68,1.88,639.48,66.56,594.1,66.56,1.88,29.08,9.03,0.45,7.09,0.06,0.8771929824561403
20230038574.0,J072045.05+572422.5,110.1877,57.4062,0.0032,7741.17,2.68,7628.85,7853.1,7546.31,2.68,1384.6516,0.0127,0.02582,9e-06,3.0,3.0,0,20.86,5.36,79.18,8.04,4.48,0.97,172.32,34.5,121.75,34.5,0.97,15.3,111.07,5.55,8.69,0.1,1.0
20230039657.0,J083802.42+585307.4,129.5101,58.8854,0.0022,2247.76,0.83,2146.83,2350.1,2231.03,0.83,1409.8352,0.0039,0.0075,3e-06,7.7,6.5,64,19.73,1.66,31.66,2.49,20.52,1.91,479.6,65.37,465.24,65.37,1.91,22.33,35.86,1.79,8.16,0.07,0.8441558441558441
20230057104.0,J023614.86+590537.0,39.0619,59.0936,0.0026,11043.56,3.0,10901.04,11171.74,10651.2,3.0,1369.9407,0.0142,0.03684,1.1e-05,2.4,2.4,0,21.41,5.99,126.78,8.99,2.42,0.56,120.48,21.7,98.11,21.7,0.56,18.38,149.92,7.5,8.79,0.09,1.0
20230063718.0,J124203.72+592650.4,190.5155,59.4473,0.0033,2274.11,1.25,2212.43,2310.8,2256.99,1.25,1409.7122,0.0059,0.00759,4e-06,3.1,3.1,0,16.9,2.5,28.4,3.74,9.37,1.17,177.54,26.27,160.38,26.27,1.17,14.58,35.52,1.78,7.72,0.08,1.0
20230040464.0,J133647.47+601016.6,204.1978,60.1713,0.0033,7494.6,3.13,7290.6,7670.42,7311.81,3.13,1385.7627,0.0148,0.025,1.1e-05,3.7,3.7,0,18.95,6.26,90.45,9.39,4.41,1.35,216.22,63.65,46.27,63.65,1.35,14.5,103.37,5.17,8.73,0.14,1.0
20230040474.0,J011731.19+601112.9,19.38,60.1869,0.002,5310.88,2.32,5109.88,5504.43,5218.43,2.32,1395.681,0.011,0.01772,8e-06,5.7,5.0,111,12.76,4.64,126.7,6.95,10.89,2.7,602.42,130.32,312.36,130.32,2.7,24.72,64.7,3.23,8.77,0.1,0.8771929824561403
20230040692.0,J023244.50+603538.1,38.1854,60.5939,0.0023,5687.16,0.88,5617.39,5758.19,5581.28,0.88,1393.9618,0.0042,0.01897,3e-06,5.2,4.9,155,20.73,1.76,32.83,2.65,22.74,2.12,515.9,58.04,540.53,58.04,2.12,21.17,76.2,3.81,8.84,0.07,0.9423076923076923
20230040710.0,J142312.20+603815.1,215.8008,60.6375,0.0083,11083.45,3.01,10762.79,11088.72,10688.3,3.01,1369.765,0.0143,0.03697,1.1e-05,3.4,3.4,0,3.5,6.02,14.07,9.03,6.24,1.55,42.41,14.97,62.33,14.97,1.55,5.8,150.21,7.51,8.34,0.16,1.0
20230040774.0,J075223.46+604443.2,118.0977,60.7453,0.0014,6859.19,1.69,6724.3,6960.68,6705.76,1.69,1388.6341,0.008,0.02288,6e-06,2.5,2.5,0,6.36,3.37,124.35,5.06,6.2,1.31,288.83,47.84,224.5,47.84,1.31,34.57,98.71,4.94,8.81,0.08,1.0
20230040892.0,J045621.96+605917.3,74.0915,60.9881,0.0047,5119.97,1.58,5043.57,5197.18,5034.0,1.58,1396.5548,0.0075,0.01708,5e-06,3.2,3.2,0,20.81,3.16,29.9,4.73,7.22,1.31,154.6,37.77,96.54,37.77,1.31,10.25,66.0,3.3,8.19,0.11,1.0
20230063937.0,J132131.94+621449.8,200.3831,62.2472,0.0012,2998.3,1.43,2900.94,3164.42,2968.61,1.43,1406.3406,0.0068,0.01,5e-06,4.0,4.0,0,9.28,2.87,133.31,4.3,27.16,4.18,1340.9,164.02,1167.56,164.02,4.18,41.67,47.65,2.38,8.85,0.07,1.0
20230063962.0,J040550.22+623340.0,61.4593,62.5611,0.0018,266.13,0.69,233.12,310.9,265.89,0.69,1419.146,0.0033,0.00089,2e-06,5.3,5.3,0,20.44,1.39,32.19,2.08,41.51,3.08,934.63,60.09,832.39,60.09,3.08,26.53,8.6,0.43,7.21,0.05,1.0
20230064006.0,J012756.28+624712.2,21.9845,62.7867,0.002,6634.15,2.52,6523.63,6746.41,6490.52,2.52,1389.6539,0.012,0.02213,9e-06,3.7,3.7,0,16.99,5.04,140.89,7.57,6.79,1.8,444.73,63.77,409.95,63.77,1.8,23.68,94.24,4.71,8.96,0.08,1.0
20230064090.0,J095607.10+631214.7,149.0296,63.2041,0.0076,13281.54,3.64,13181.77,13372.1,12718.1,3.64,1360.1479,0.0173,0.0443,1.3e-05,2.6,2.6,0,19.85,7.28,38.27,10.93,2.83,1.0,71.21,31.66,130.56,31.66,1.0,6.32,180.61,9.03,8.72,0.2,1.0
20230064113.0,J053309.13+632047.7,83.288,63.3466,0.0033,10484.69,2.32,10383.24,10556.13,10130.4,2.32,1372.4083,0.011,0.03497,8e-06,2.8,2.8,0,19.64,4.63,58.57,6.95,4.98,0.97,157.66,29.48,103.93,29.48,0.97,14.46,143.75,7.19,8.87,0.09,1.0
